sector,year,driver_note,source_report
Infrastructure,2026,"Shift from standalone projects to large, scalable platforms; FY26 capex allocation ~INR11.21 lakh crore (~3.1% of GDP)",EY India M&A Report 2026
Infrastructure,2026,"Roads remain the core driver: INR2.7 lakh crore to MoRTH in FY26, 27 expressways (~9,860 km) underway",EY India M&A Report 2026
Infrastructure,2026,"InvITs now manage assets exceeding INR7 lakh crore, expanding into renewables, digital infra, ports, airports",EY India M&A Report 2026
Infrastructure,2026,"2026 outlook: more consolidation among smaller firms, rising green-infrastructure M&A",EY India M&A Report 2026
Industrials and Auto,2026,"PE capital concentrating in engineered products, auto components, precision manufacturing, electronics",EY India M&A Report 2026
Industrials and Auto,2026,Buy-and-build / bolt-on acquisitions common ahead of PE exits to lift valuation multiples,EY India M&A Report 2026
Industrials and Auto,2026,Data centers and renewables drawing strong capital; EMS (electronics manufacturing services) emerging as a new growth engine,EY India M&A Report 2026
Industrials and Auto,2026,"2026 outlook: deeper global integration via cross-border M&A, continued buy-and-build platform scaling",EY India M&A Report 2026
Consumer Products and Retail,2026,"Quick commerce reshaping distribution (hyperlocal inventory, rapid delivery) — driving consolidation",EY India M&A Report 2026
Consumer Products and Retail,2026,"Incumbents acquiring/partnering with scaled D2C brands, especially in beauty, personal care, food",EY India M&A Report 2026
Consumer Products and Retail,2026,"Unit economics (balancing growth, profitability, cost efficiency) increasingly determines deal attractiveness",EY India M&A Report 2026
Consumer Products and Retail,2026,"2026 outlook: continued scaling of quick commerce as core infrastructure, private-label expansion",EY India M&A Report 2026
Lifesciences,2026,~60% of India's population is in Tier-2 cities — driving hospital and diagnostics capacity expansion,EY India M&A Report 2026
Lifesciences,2026,Shift from unorganized to organized healthcare as patients move to trusted multi-specialty chains,EY India M&A Report 2026
Lifesciences,2026,Rising insurance penetration improving affordability and utilization,EY India M&A Report 2026
Lifesciences,2026,"2026 outlook: diagnostics margin improvement, continued hospital/device consolidation, strong PE interest",EY India M&A Report 2026
Technology,2026,"IT services demand recovering, buyers targeting digital/cloud/AI-led capability",EY India M&A Report 2026
Technology,2026,AI and GenAI are the primary M&A catalyst — acquirers buying AI-led capability and semiconductor IP,EY India M&A Report 2026
Technology,2026,"India SaaS scaled meaningfully in 2025 (65+ companies above US$30m ARR), valuations ~7-11x revenue",EY India M&A Report 2026
Technology,2026,"2026 outlook: ""AI-gravity phase"" — consolidation intensifying to simplify vendor ecosystems, cybersecurity a major theme",EY India M&A Report 2026
Financial Services,2026,Banking was the standout 2025 sector — large cross-border stakes from Middle East and Japan into mid-market banks,EY India M&A Report 2026
Financial Services,2026,Wealth and asset management (WAM) momentum continuing via new entrants and fund raises,EY India M&A Report 2026
Financial Services,2026,Domestic consolidation gaining traction alongside strategic cross-border deals,EY India M&A Report 2026
Financial Services,2026,"2026 outlook: over US$11bn of announced deals awaiting regulatory approval, continued WAM/insurance momentum",EY India M&A Report 2026
Telecom,2010,"Survey-expected CAGR ~20% for sector (Bain-IVCA PE/VC research survey Outlook 2014); high-profile PE build-up of Bharti Airtel (Warburg Pincus 1999, CVC 2004, Temasek 2007) cited as example of PE powering a national champion",Bain-IVCA India Private Equity Report 2010
Media & entertainment,2010,Survey-expected CAGR 17% for next two years,Bain-IVCA India Private Equity Report 2010
Energy,2010,"Survey-expected CAGR 70% for next two years, highest of all sectors surveyed; also 13% share of PE deals in last two years (2008-09)",Bain-IVCA India Private Equity Report 2010
Infrastructure (including real estate),2010,"Survey-expected CAGR 36% for next two years. Of the few large PE transactions closed in 2009, most fell in the infrastructure-building sector, as many infrastructure companies were mid-way through multiyear projects and needed funding",Bain-IVCA India Private Equity Report 2010
Banking financial services insurance (BFSI),2010,Survey-expected CAGR 14% for next two years; 8% share of PE deals in last two years (2008-09),Bain-IVCA India Private Equity Report 2010
IT/ITES,2010,Survey-expected CAGR 13% for next two years; 13% share of PE deals in last two years (2008-09),Bain-IVCA India Private Equity Report 2010
Manufacturing,2010,Survey-expected CAGR 31% for next two years,Bain-IVCA India Private Equity Report 2010
Healthcare,2010,"Survey-expected CAGR 38% for next two years, second-highest after Energy",Bain-IVCA India Private Equity Report 2010
Real estate,2010,"15% share of PE deals in last two years (2008-09), the largest single-sector share disclosed",Bain-IVCA India Private Equity Report 2010
Consumer technology,2015,"Most attractive sector for PE/VC in 2014: deal value +137% and deal volume +71% vs 2010 (CAGR 2010-14); deal value +287% in 2013-14 alone; $4.7 billion invested into the sector in 2014; average deal size ~$17 million, a threefold increase over 2013; growth driven by rising internet penetration (projected to reach 45% / ~610 million users by 2020) and rising household incomes creating headroom for e-commerce growth versus developed markets; GPs surveyed identified consumer technology as a primary growth sector for the next two years",Bain-IVCA India Private Equity Report 2015
Consumer & retail,2015,CAGR 68% (2010-14) in PE/VC deal value; one of three sectors (with real estate and BFSI) cited as key drivers of the 28% overall deal-value increase in 2014,Bain-IVCA India Private Equity Report 2015
Banking financial services insurance (BFSI),2015,CAGR 12% (2010-14); cited as a key driver of the 2014 deal-value increase; GPs identified financial services as a primary growth sector for the next two years,Bain-IVCA India Private Equity Report 2015
Real estate,2015,CAGR 11% (2010-14); cited as a key driver of the 2014 deal-value increase alongside consumer technology and BFSI,Bain-IVCA India Private Equity Report 2015
Healthcare,2015,CAGR 16% (2010-14); GPs identified healthcare as a primary growth sector for the next two years,Bain-IVCA India Private Equity Report 2015
IT & ITES,2015,CAGR 29% (2010-14),Bain-IVCA India Private Equity Report 2015
Energy,2015,"CAGR -18% (2010-14), declining sector",Bain-IVCA India Private Equity Report 2015
Engineering and construction,2015,CAGR -3% (2010-14),Bain-IVCA India Private Equity Report 2015
"Others (hotels/resorts, retail, shipping/logistics, textiles, education, telecom, media/entertainment, manufacturing, other services)",2015,"CAGR -10% (2010-14), aggregate 'Others' bucket declining",Bain-IVCA India Private Equity Report 2015
Retail,2023,Top-performing sector by M&A deal activity in 2023 alongside Fintech and IT,Deloitte Deal Dynamics (Aug 2024)
Fintech,2023,Top-performing M&A sector in 2023; inbound cross-border deals into Indian firms rose 35% in 2023 with fintech among key focus areas for global investors,Deloitte Deal Dynamics (Aug 2024)
IT / Technology,2023,Top-performing M&A sector in 2023; PE value held in the IT sector quadrupled from USD13bn (2013) to USD55bn (2023); Indian IT firms trading at a premium to global peers for the first time in five years,Deloitte Deal Dynamics (Aug 2024)
"E-commerce, Ed-tech, Content & Media, Health tech, B2C lending, Fintech payments",2023,High cash-burn sectors expected to see an M&A surge as well-funded start-ups consolidate smaller specialised players for technology/talent acquisition,Deloitte Deal Dynamics (Aug 2024)
Financial Services,2022,"Deal value increased ~2.5x driven by portfolio restructuring, cross-selling and fintech/digital capability investment; 2023 focus expected on Fintech expansion for credit growth and NPA control",Deloitte India M&A Trends 2023
TMT,2022,"Transitioned from PE-driven to strategic deals (PE share down from 75% to 40%); mergers up 47%, divestitures up 53%; top deals driven by tech asset acquisition in streaming, health tech, connectivity; 2023 PE activity expected to revive focused on AI, cloud, 5G/Industry 4.0",Deloitte India M&A Trends 2023
Construction & Transport,2022,"Deal value rose 110% (2021-22) driven by government infrastructure push, especially cement and road/tollway assets; 2023 growth expected to be moderate as margin pressure offsets demand revival",Deloitte India M&A Trends 2023
Medical & Pharma,2022,Among sectors with the largest-ever M&A transactions as mega-deals (>USD1bn) grew 123%; expected to leverage M&A for tech-disruption opportunities in 2023,Deloitte India M&A Trends 2023
Financial Services,2025,"Remained a key PE sector; deal volume fell 15% but total invested value rose 30% as investors made fewer, larger, control-oriented bets on well-established platforms",Deloitte Asia Pacific PE 2026 Almanac - India Edition
Consumer,2025,"Deal volume +4% YoY, capital allocation +159%; benefits from formalisation trend, shift to higher-value products, strong domestic demand",Deloitte Asia Pacific PE 2026 Almanac - India Edition
TMT,2025,"Deal volume +38% YoY, capital allocation +91%; scalable platforms with reliable cash flows benefiting from digitalisation",Deloitte Asia Pacific PE 2026 Almanac - India Edition
Industrials,2025,"Downturn: deal volume -62%, value -42%, reflecting investor prudence around execution-intensive, longer-gestation assets",Deloitte Asia Pacific PE 2026 Almanac - India Edition
Transport & Logistics,2025,"Deal volume +167% but investment value -47%, indicating a shift toward smaller, investigative deals rather than scaled platform investments",Deloitte Asia Pacific PE 2026 Almanac - India Edition
Healthcare,2025,"Relative stability with only slight decreases in deal numbers/value; resilience from structural demand, stable cash flows and scalability, though underwriting and profitability requirements now more stringent",Deloitte Asia Pacific PE 2026 Almanac - India Edition
Energy transition & defence-driven manufacturing,2026,"Identified as the next wave of PE investment interest, supported by policy frameworks, scalability and long-term value creation potential; benefiting from indigenisation imperatives",Deloitte Asia Pacific PE 2026 Almanac - India Edition
Automotives,2025,"Automotive sector led Q3 2025 deal value at US$5.1B, driven by the landmark Tata Motors-Iveco Group outbound acquisition (US$4.45B, 100% stake)",ey_india_ma_report_q3_2025
Healthcare,2025,"Healthcare delivery market projected to grow from US$82B (2025) to US$110B (2028E), 11% CAGR; drivers: rising incomes, insurance penetration, elevated lifestyle diseases, government transitioning from active provider to payer, ~60% of population in Tier-2+ cities driving hospital capacity expansion (listed chains plan ~31% of next-5-yr bed additions there); key themes: tertiary-care consolidation, scaled single-specialty platforms, integrated diagnostics, medical-device export potential",ey_india_ma_report_q3_2025
Technology,2025,"TMT topped Q3 2025 deal volume with 119 transactions (up from 78 in Q2 2025 and 98 in Q3 2024), reflecting sustained investor interest in digital and tech-driven businesses",ey_india_ma_report_q3_2025
Power (Renewable Energy),2025,"India is the world's 4th-largest renewable energy market; US$4B+ FDI in the past year; 220GW installed capacity (45% of energy mix); 60+ marquee global investors; shift toward 'RE 2.0'; sector positioned for US$500B-1T investment over the next 5 years; Power sector led H1 2025 M&A deal value at US$8.5B, ~80% from renewable energy (up from US$3.2B in H1 2024)",ey_transactions_newsletter_h1_2025
Consumer Products and Retail,2025,"Consumer products and retail led H1 2025 deal volume with 205 transactions (vs 218 in H1 2024, 203 in H2 2024), reflecting stable, continued investor interest in consumer-facing businesses despite macro headwinds",ey_transactions_newsletter_h1_2025
Technology Services,2024,"Deal activity rebounded sharply in 2024: 857 deals worth US$32.2B disclosed value (vs 722 deals / US$7.0B in 2023); IT spend growth held flat at 4-5%; weak public markets plus an easing rate cycle created attractive PE take-private entry points (deal value spiked 2x, ~10 large US$500m+ deals announced); PE-led middle-market consolidation reached 4-year highs; GenAI acted as a net positive catalyst for differentiated IP-led cloud-ecosystem assets",ey_connecting_dots_tech_services_2024
Technology Services,2024,"YTD 2024 PE firms accounted for 85% of total technology-services deal value (~US$15B) vs 50% (US$4B) in CY23; Healthcare & Life Sciences (HLS) IT-services sub-vertical grew at 12.9% CAGR vs 6.8% for overall IT services, driven by demand for digital patient-experience capabilities, GenAI use in drug development/commercialization, and Real World Data (RWD) analytics",ey_tech_services_deal_insights_q3_2024
Technology Services,2022,"2022 saw record deal activity (947 deals, highest in 5 years) after 8 consecutive quarters of hypergrowth, before a slowdown began in late 2022 / Q1 2023; PE investors drove 15 of 23 large (US$500m+) deals; top strategic imperatives were cloud value-chain technology and vertical specialists (BFSI & Life Sciences); mega-deals included the ~US$7B LTI-Mindtree merger and the ~US$4B CloudMed-R1 RCM (BPM) deal",ey_tech_services_ma_trends_2022
Technology Services,2022,"PE exits rose to 55+ in 2022 (vs 43 in 2021, 24 in 2020); investment horizons shortened from a typical 5-7 years to under 3 years as PE investors sought to capture rich private-market valuations; roughly one-third of exits were PE recapitalizations",ey_tech_services_ma_trends_2022
Overall,2019,"ArcelorMittal-Essar Steel (USD7.25bn) was the largest deal of 2019, an IBC-driven consolidation; top 10 M&A deals accounted for 58% of total M&A deal values while only 2% of volumes. Second IBC-driven deal Patanjali-Ruchi Soya also featured in the top-10.",Grant Thornton Dealtracker 2019
IT and ITeS,2019,"M&A activity moderate; largest M&A deal was L&T's 20% stake purchase in Mindtree (USD476m). PE top deals concentrated in cloud technology, data analytics/AI and software development (Baring PE-NIIT Technologies USD381m largest).",Grant Thornton Dealtracker 2019
E-commerce,2019,"Consolidation among travel/logistics and foodtech players (Ebix-Yatra, Hyundai/Kia-Ola, Delivery Hero-Zomato UAE unit). PE funding concentrated in fintech (Paytm) and logistics/retail-tech (Delhivery, Lenskart, Grofers, BigBasket, PolicyBazaar).",Grant Thornton Dealtracker 2019
Pharma healthcare and biotech,2019,"Hospitals sector saw major consolidation via Radiant Life Care-Max Healthcare merger (USD1.02bn). Outbound and inbound generics/API deals prominent (Dr Reddy's-Wockhardt generics business, Novavax-Serum Institute).",Grant Thornton Dealtracker 2019
Banking and financial services,2019,"Nippon Life-Reliance Nippon Life AMC (USD860m, 43% stake) was the largest deal. PE activity strong in insurance and NBFC (Warburg Pincus/Premji Invest-SBI General Insurance, Blackstone-Aadhaar Housing Finance).",Grant Thornton Dealtracker 2019
Retail and consumer,2019,"Patanjali's IBC acquisition of Ruchi Soya (USD613m) led the sector. Amazon made two significant minority-stake inbound deals (Witzig Advisory Services, Future Coupons) as it built its position in Future Group ecosystem.",Grant Thornton Dealtracker 2019
Overall,2020,"2020 recorded 1,313 deals worth USD77.7bn (M&A USD37.5bn across 358 deals, PE USD40.2bn across 953 deals). A near-total absence of insolvency/IBC-driven deals was noted due to the moratorium on new insolvency admissions during COVID-19. Reliance-led telecom/retail megadeals (Jio Platforms stake sales to Facebook, Google and a consortium of PE investors; Reliance Retail-Future Group) dominated deal values.",Grant Thornton Dealtracker 2020
Real estate,2020,"Real estate saw a near-standstill in H1 2020 followed by a pickup, highlighted by the successful Mindspace REIT listing and Blackstone's acquisition of Prestige's commercial/retail/hotel portfolio (USD1.24bn) and Embassy Office Parks REIT-Embassy TechVillage merger (USD1.32bn).",Grant Thornton Dealtracker 2020
IT and ITeS,2020,"Clarivate Analytics' USD950m acquisition of Piramal's Decision Resources Group was the standout inbound M&A deal. PE activity concentrated in SaaS/software (Thoma Bravo-Majesco USD421m, Carlyle-Nxtra Data USD235m).",Grant Thornton Dealtracker 2020
Pharma healthcare and biotech,2020,"Hospital consolidation continued (Manipal-Columbia Asia). Generics business carve-outs were prominent (Dr Reddy's-Wockhardt). PE backed API/CDMO and biologics scale-up (New Mountain Capital-Aurobindo's Natrol, Carlyle-Piramal Pharma, Goldman Sachs-Biocon Biologics).",Grant Thornton Dealtracker 2020
Banking and financial services,2020,"YES Bank's rescue recapitalisation by a consortium of Indian banks (SBI, HDFC, ICICI, Axis, Kotak and others, USD1.39bn) was the year's largest banking deal amid COVID-19-driven stress. PE investors focused on capital adequacy support for NBFCs and banks (PAG-Edelweiss Wealth Management, Brookfield-IndoStar Capital Finance).",Grant Thornton Dealtracker 2020
Retail and consumer,2020,"Reliance Retail's USD3.3bn acquisition of Future Group's retail, wholesale and logistics business was the marquee domestic deal, later contested by Amazon via arbitration and CCI proceedings. HUL's Horlicks India (GSK Consumer Healthcare) acquisition for USD412m also featured.",Grant Thornton Dealtracker 2020
Overall,2021,"2021 was a record year for PE (USD48.2bn across 1,624 deals, the highest since 2011) even as the second COVID-19 wave hit the economy in Q2. Start-up, e-commerce and IT & ITeS drove 81% of PE deal volumes and over 67% of PE fund inflows (USD32.2bn). The year saw the birth of 33 unicorns.",Grant Thornton Dealtracker 2021
Start-up,2021,"Start-up M&A volumes grew 73% YoY to 122 deals worth USD857m, driven partly by the emergence of Thrasio-style roll-up start-ups (Mensa Brands, GlobalBees, 10Club, Upscalio, Evenflow, Powerhouse91, GOAT Brand Labs) which executed 28 M&A deals in the year.",Grant Thornton Dealtracker 2021
Banking and financial services,2021,Piramal Capital & Housing Finance's USD5.1bn acquisition of Dewan Housing Finance Corporation (DHFL) via the IBC process was the largest M&A deal of the year and of the financial services sector.,Grant Thornton Dealtracker 2021
Education,2021,"Byju's pursued an aggressive acquisition strategy, acquiring Aakash Educational Services (USD1bn), Great Learning (USD600m), Epic! Creations (USD500m) and Tynker (USD200m) in the same year, alongside raising multiple large funding rounds exceeding USD1.7bn cumulatively from global investors.",Grant Thornton Dealtracker 2021
IT and ITeS,2021,Prosus/PayU's USD4.7bn acquisition of BillDesk (IndiaIdeas.com) was the largest inbound digital payments deal in India's history. Wipro's USD1.45bn acquisition of Capco marked its largest ever acquisition.,Grant Thornton Dealtracker 2021
Pharma healthcare and biotech,2021,"Deal activity was led by diagnostics consolidation (Docon Technologies-Thyrocare, USD623m) and API/animal health scale-up (Multiples-Zydus Animal Health, USD395m PE deal).",Grant Thornton Dealtracker 2021
Energy and natural resources,2021,"Adani Green Energy's USD3.5bn acquisition of SB Energy India was the largest outbound-classified M&A deal, alongside Total SE taking a 20% stake in Adani Green Energy for USD2.48bn.",Grant Thornton Dealtracker 2021
Overall,2022,"India Inc. recorded over 2,000 deals worth over USD127bn in 2022, a 47% increase in values YoY, driven by landmark deals (HDFC-HDFC Bank merger USD40bn, L&T-Mindtree/LTI-Mindtree merger USD17.7bn, Adani's USD10.5bn acquisition of Ambuja Cement/ACC). Domestic M&A saw record deal values of USD70.7bn across 355 deals, the highest average ticket size on record.",Grant Thornton Dealtracker 2022
Start-up,2022,"Start-up M&A volumes grew 73% YoY (year framed against 2021 comparison) but PE start-up funding began cooling amid tightening global liquidity in H2 2022; PE/VC deal value in new ventures still hit a record USD11bn across 1,072 deals for the year overall (per sector-spotlight figures).",Grant Thornton Dealtracker 2022
Banking and financial services,2022,"BFSI saw megadeals create history: the HDFC-HDFC Bank USD40bn merger anchored the year, while fintech (NBFC/insurance) continued strong momentum with deals like Carlyle/Advent's USD1.1bn stake in Yes Bank.",Grant Thornton Dealtracker 2022
IT and ITeS,2022,"Acceleration of digitisation remained the key sector theme; L&T Infotech-Mindtree's USD17.7bn merger was the standout deal of the year, alongside Baring PE Asia's USD800m investment in IGT Solutions.",Grant Thornton Dealtracker 2022
Pharma healthcare and biotech,2022,Biotech firms drove M&A (Biocon's USD3.34bn outbound acquisition of Viatris' generics business) while API and healthcare drove PE investment activity (PAG/CX Partners/Samara Capital-Optimus Drugs).,Grant Thornton Dealtracker 2022
Energy and natural resources,2022,"Labelled 'Green Energy is the new buzz' - the sector recorded 27 deals worth USD6.5bn, driven by Shell's USD1.55bn Sprng Energy-Solenergi Power investment and JSW Neo Energy's USD1.3bn acquisition of Mytrah Energy's 1.75GW renewable portfolio; cleantech led PE deal volumes (~59% share).",Grant Thornton Dealtracker 2022
Manufacturing,2022,"Industrials witnessed the sector's largest-ever deal: Adani's USD10.5bn acquisition of Ambuja Cement and ACC from Holcim, accounting for 84% of total manufacturing sector deal values for the year.",Grant Thornton Dealtracker 2022
Media and entertainment,2022,"Entertainment remained active with Viacom18's USD1.8bn fundraise from Bodhi Tree Systems and Ver Se Innovation's USD805m fundraise from a consortium including CPPIB, contributing 80% of the sector's deal value.",Grant Thornton Dealtracker 2022
Overall,2023,"2023 recorded 1,641 deals worth USD65.9bn, a 21% decrease in volumes and 52% decline in values YoY, reflecting a global funding winter and cautious investor sentiment; only eight multi-billion-dollar M&A/PE deals were recorded versus 11 in 2022. Domestic M&A hit its lowest level in three years (350 deals, USD14.4bn) while inbound M&A rose 38% in volume and 178% in value (USD7.7bn) driven by two multi-billion-dollar deals.",Grant Thornton Dealtracker 2023
Pharma healthcare and biotech,2023,"The hospital sub-sector emerged as the top performer, surpassing life sciences/biotech in deal value; Temasek's USD2bn investment in Manipal Health Enterprises was the year's largest PE healthcare deal (34% of sector PE value). Nirma-Glenmark Life Sciences (USD689m) was the largest M&A deal in the sector.",Grant Thornton Dealtracker 2023
Banking and financial services,2023,M&A volumes were driven by consolidation in banking/NBFC segments and a rush of inbound insurance and TPA transactions as foreign players sought exposure to the Indian insurance market; overall PE activity in FinTech fell 53% YoY even as NBFC PE interest rose (37 deals vs 24 in 2022).,Grant Thornton Dealtracker 2023
IT and ITeS,2023,Technology deal-making and valuations 'took a knock' in 2023 amid global macroeconomic weakness and cost optimisation by tech buyers; no billion-dollar tech deals were recorded (versus the USD17.7bn L&T-Mindtree merger in 2022). GenAI is flagged as the next big opportunity expected to drive a 2024 rebound.,Grant Thornton Dealtracker 2023
Retail and consumer,2023,"Cautious investor approach and shifting consumer preference defined the year: M&A activity fell 36% to USD3.4bn and PE investment fell 36% to USD5.2bn YoY, though e-commerce festive-season order volumes and GMV grew 18-22%, with Tier 2/3 cities playing a bigger role.",Grant Thornton Dealtracker 2023
Automotive,2023,"Auto components led M&A activity while electric vehicles (EVs) continued to dominate the PE segment; overall sector deal value rose 41% YoY to USD2.9bn even as deal count held flat, signalling consolidation. Ola Electric alone attracted around USD530m in PE funding across multiple 2023 tranches ahead of its planned IPO.",Grant Thornton Dealtracker 2023
Start-up,2023,"Start-ups faced a slowdown, with only 81 M&A transactions in 2023 versus 133 in 2022, and deal value falling to USD655m from USD1bn, reflecting cautious investor sentiment amid the prevailing global funding winter and a shift in investor focus toward unit economics and profitability over growth.",Grant Thornton Dealtracker 2023
"Consumer Foods, Industrial Products & Services, Pharmaceuticals (general)",2013,"82% of surveyed acquirers cited access to India's growing domestic market as the primary reason for investing; only 24% cited cost advantage as the main objective, reflecting a shift from 'factory India' to 'market India'",KPMG Doing Deals Successfully in India
"Infrastructure (Energy, Real Estate, Logistics)",2008,"Named the highest priority sector for future PE investment, driven by currently poor infrastructure and increasing government encouragement of private-sector participation",KPMG Private Equity Investing in India (undated; internal evidence points to ~2008)
Retail & Consumer,2008,"Second priority sector for PE investment, driven by growth in disposable income and increasing spending power",KPMG Private Equity Investing in India (undated; internal evidence points to ~2008)
Media & Entertainment,2008,Named among the high-priority sectors for future PE investment,KPMG Private Equity Investing in India (undated; internal evidence points to ~2008)
Financial Services,2008,Named among the high-priority sectors for future PE investment,KPMG Private Equity Investing in India (undated; internal evidence points to ~2008)
"Industrial goods (power, ports) / BPO / IT",2008,Remain high priority given infrastructure-serving industrial goods focus and continued BPO/IT investment interest,KPMG Private Equity Investing in India (undated; internal evidence points to ~2008)
Cleantech,2024,"Poised for significant growth driven by government renewable energy targets (500GW by 2030), the National Green Hydrogen Mission, and rising subsidies (USD1.8bn FY23, +8% YoY); market could unlock USD500bn in investment by 2030",KPMG Exploring India's dynamic Start-up Ecosystem
"Deeptech (AI, robotics, biotech, quantum)",2024,"~12% of India's startup landscape (3,600+ companies); secured ~USD850mn funding in 2023; supported by the National Deep Tech Startup Policy and a strong STEM talent base (34% of graduates)",KPMG Exploring India's dynamic Start-up Ecosystem
Edtech,2024,"Growing due to demand for online learning (K-12, skill development, test prep); 580mn+ people aged 5-24; National Education Policy 2020 support; market projected to reach USD30bn by 2031",KPMG Exploring India's dynamic Start-up Ecosystem
Healthtech,2024,"Driven by technological advancements, rising chronic-disease prevalence and digital-health government initiatives (Ayushman Bharat Digital Mission); healthcare innovation opportunity estimated at USD60bn by FY28",KPMG Exploring India's dynamic Start-up Ecosystem
Spacetech,2024,"Sector valued at USD8.4bn (2% of global space economy), projected to reach USD44bn by 2033; driven by the IN-SPACe policy and rising satellite/space-data demand",KPMG Exploring India's dynamic Start-up Ecosystem
Semiconductors,2024,Emerging hub for chip design/manufacturing backed by the Semicon India programme (USD9.1bn budget); market projected to reach USD109bn by 2030,KPMG Exploring India's dynamic Start-up Ecosystem
Fintech,2024,"Experiencing unprecedented growth; financial-institution tech spending projected +11.4% in 2024; mobile payments, digital lending and blockchain solutions are fertile ground for co-investment",KPMG Exploring India's dynamic Start-up Ecosystem
IT & ITES,2016,Dominated PE deal statistics: 56.6% of deal volumes and 22.3% of deal values in 2016,KPMG Private Equity Review - 2016
Fintech,2016,"Boosted by the November 2016 demonetisation; growing investor interest across lending, wealth management and credit-reporting sub-segments; banks/large FIs expected to increasingly acquire fintech companies",KPMG Private Equity Review - 2016
Healthcare,2016,"One of the largest sectors, estimated worth USD280bn by 2020; India accounts for ~1/5 of world disease burden and needs 600,000-700,000 additional beds requiring USD25-30bn investment",KPMG Private Equity Review - 2016
Pharmaceuticals,2016,Expected strong M&A/PE/VC interest in 2017-18 after the automatic FDI limit was raised to 74% for existing pharma companies in 2016,KPMG Private Equity Review - 2016
Education,2016,"Received significant investor interest despite a general sector dip; driven by young population and skill gap; e.g. Byju's Think and Learn raised USD140mn from Times Internet, Chan Zuckerberg Initiative, Sequoia Capital, IFC and others",KPMG Private Equity Review - 2016
Real Estate,2016,"Boosted by regulatory reforms (RERA 2016, affordable-housing infrastructure status); USD1.8bn raised by real-estate-focused PE funds in 2016",KPMG Private Equity Review - 2016
Infrastructure,2016,"PE investment worth USD3bn in 2016, a sharp uptrend after a three-year downward trend; focus on roads, airports, railways and irrigation",KPMG Private Equity Review - 2016
Manufacturing,2016,"Witnessed the maximum PE/VC exits in 2016, followed by technology, e-commerce and financial services",KPMG Private Equity Review - 2016
Pharmaceuticals (overall),2006,"India represented USD6bn of the USD550bn global market, growing 10%/yr vs 7% global average; 8% of global volume (4th largest) but 13% by value; drug exports growing 30%/yr; driven by the new product-patent regime (Jan 2005) and the patent cliff on blockbuster drugs",KPMG The Indian Pharmaceutical Industry: Collaboration for Growth
OTC Medicines,2006,"Market worth ~USD940mn growing 20%/year, double the rate of prescription medicines; government seeking wider retail availability",KPMG The Indian Pharmaceutical Industry: Collaboration for Growth
Pharmaceuticals (cross-border M&A),2006,"Indian pharma firms made 18 international acquisitions between Jan-2004 and Oct-2005 to improve global competitiveness, move up the value chain and acquire R&D/manufacturing assets; most targets were in the EU due to more reasonable valuations and a pro-generic regulatory climate",KPMG The Indian Pharmaceutical Industry: Collaboration for Growth
Healthcare / Multi-speciality Hospitals (MSH),2025,"Market growing ~12% CAGR; private hospitals hold 67% share vs government 33%; growth drivers include rising health-insurance coverage (61mn in 2014 to 312mn in 2024), technological advancements (digital health, AI, robotics) and government infrastructure/insurance policies",KPMG Multi-speciality hospitals in India: Evolution of hospital deals post COVID
Healthcare / MSH (PE activity),2024,"PE deal value in hospitals grew 3x over the last three years led by mega-deals; CY2024 saw INR212bn cumulative deal size across 45 transactions (4 PE, 12 M&A); marquee global funds (KKR, IFC, Temasek, Blackstone) are driving consolidation; standalone-hospital EV/EBITDA multiples have risen from 8-9x to 12-13x",KPMG Multi-speciality hospitals in India: Evolution of hospital deals post COVID
Healthcare / MSH (platform consolidation),2025,PE funds are pursuing platform/roll-up strategies to create regional and national hospital chains; most of India except the North-East is now covered by a PE-backed MSH platform,KPMG Multi-speciality hospitals in India: Evolution of hospital deals post COVID
Healthcare / MSH (IPO trend),2025,Hospital players are increasingly exploring public listings to provide PE exits; IPO count is accelerating from 1 (up to 2010) to 12 (2021-2025) with 19+ expected in 2026-2030,KPMG Multi-speciality hospitals in India: Evolution of hospital deals post COVID
Infrastructure,2025,"Chairman & CEO letter: 'Infrastructure, financial services, and industrials continue to anchor large strategic transactions' in the year's M&A activity",Dhruva Advisors - M&A in India: Tax and Regulatory Perspective (November 2025)
Financial Services,2025,Chairman & CEO letter: financial services (alongside infrastructure and industrials) continues to anchor large strategic transactions,Dhruva Advisors - M&A in India: Tax and Regulatory Perspective (November 2025)
Industrials,2025,Chairman & CEO letter: industrials (alongside infrastructure and financial services) continues to anchor large strategic transactions,Dhruva Advisors - M&A in India: Tax and Regulatory Perspective (November 2025)
Technology,2025,"Chairman & CEO letter: 'technology, healthcare, and renewables are attracting increasing investor interest'",Dhruva Advisors - M&A in India: Tax and Regulatory Perspective (November 2025)
Healthcare,2025,Chairman & CEO letter: healthcare (alongside technology and renewables) attracting increasing investor interest,Dhruva Advisors - M&A in India: Tax and Regulatory Perspective (November 2025)
Renewables,2025,Chairman & CEO letter: renewables (alongside technology and healthcare) attracting increasing investor interest,Dhruva Advisors - M&A in India: Tax and Regulatory Perspective (November 2025)
"Diversified (Technology, Manufacturing, Healthcare, Financial Services)",NA (undated brochure),"Generic, non-quantified marketing statement only: 'From technology and manufacturing to healthcare and financial services, India offers diverse opportunities for enterprises to innovate, scale, and lead' - no deal data or growth figures attached",Roedl & Partner - Seizing Opportunities: Mergers & Acquisitions (M&A) in India (undated brochure)
Healthcare,2025,"'Overview of the M&A Market' intro: momentum in deal activity in traditional sectors (healthcare, financial services, consumer goods) expected to continue in 2025",Nishith Desai Associates - Mergers & Acquisitions: An Indian Legal Regulatory and Tax Perspective (June 2025)
Financial Services,2025,"'Overview of the M&A Market' intro: momentum in deal activity in traditional sectors (healthcare, financial services, consumer goods) expected to continue in 2025",Nishith Desai Associates - Mergers & Acquisitions: An Indian Legal Regulatory and Tax Perspective (June 2025)
Consumer Goods,2025,"'Overview of the M&A Market' intro: momentum in deal activity in traditional sectors (healthcare, financial services, consumer goods) expected to continue in 2025",Nishith Desai Associates - Mergers & Acquisitions: An Indian Legal Regulatory and Tax Perspective (June 2025)
Industry and Manufacturing,2025,"'Overview of the M&A Market' intro: M&A activity in industry and manufacturing may dominate 2025, driven by the automotive sector and e-mobility",Nishith Desai Associates - Mergers & Acquisitions: An Indian Legal Regulatory and Tax Perspective (June 2025)
Renewable Energy,2025,"'Overview of the M&A Market' intro: M&A activity in renewable energy may dominate 2025, driven by government initiatives to propel green energy",Nishith Desai Associates - Mergers & Acquisitions: An Indian Legal Regulatory and Tax Perspective (June 2025)
Technology,2025,"'Overview of the M&A Market' intro: M&A activity in technology may dominate 2025, driven by rapid innovation in AI and digital transformation",Nishith Desai Associates - Mergers & Acquisitions: An Indian Legal Regulatory and Tax Perspective (June 2025)
Retail and consumer,2025,"Deal volume rose from 418 (2024) to 593 (2025); growth driven by quick commerce, vertical platforms, branded food/snack categories, premiumisation and digital adoption; private capital supporting category leaders and consolidation in fragmented segments.",PwC Deals at a glance: Annual Review 2025
Technology,2025,"Deal volumes up over 60% YoY and deal value nearly quadrupled to USD 23.8bn on platform-driven transactions; 2026 outlook driven by AI-led platforms, digital engineering, scalable digital infrastructure, semiconductor R&D, vertical SaaS, digital health-tech IT, and AI infrastructure (data centres, fibre networks).",PwC Deals at a glance: Annual Review 2025
Financial services,2025,"Biggest rise in deal value among sectors, from USD 9.3bn (2024) to USD 31.2bn (2025), with a 76% increase in deal volumes reflecting large consolidation-led transactions; 2026 focus shifting to asset-light platforms in asset/wealth management with execution and governance discipline.",PwC Deals at a glance: Annual Review 2025
FinTech,2025,"176 transactions valued at USD 4.7bn, driven by innovation-led investments and growing convergence between traditional financial institutions and digital platforms.",PwC Deals at a glance: Annual Review 2025
Power,2025,"Deal values nearly doubled YoY owing to infrastructure investment, steady regulations and greater institutional investor involvement.",PwC Deals at a glance: Annual Review 2025
Real estate,2025,"Deal values nearly doubled YoY; 2026 outlook: commercial office demand from GCC expansion, premium/mid-market housing, warehousing/logistics, co-living/student housing, and REITs offering liquidity for investors.",PwC Deals at a glance: Annual Review 2025
Healthcare and pharma,2025,"Deal activity focused on large hospital platforms, replicable single-specialty networks, branded generics and CDMO capabilities; value creation expected to shift toward AI-driven health tech and digital-first care models.",PwC Deals at a glance: Annual Review 2025
Industrials,2025,"Geopolitical factors tested sector resilience in 2025; 2026 deal-making expected to be driven by private capital supporting supply-chain reorganisation, with rising outbound deals by Indian corporates seeking technology and global scale.",PwC Deals at a glance: Annual Review 2025
Infrastructure,2025,"Benefiting from long-term investment tied to India's digital and energy transitions; AI-led demand accelerating data centre investment, with strong interest in fibre networks and InvIT-based capital recycling.",PwC Deals at a glance: Annual Review 2025
Retail and consumer,2024,"Highest deal volume in the market with 418 transactions worth USD 9.9bn, continuing the trend from 2023.",PwC Deals at a glance: Annual review 2024
Non-power infrastructure,2024,"Only 69 deals but highest sector deal value at USD 10.3bn, including two deals above USD 1bn.",PwC Deals at a glance: Annual review 2024
Technology,2024,"352 deals worth USD 6.3bn; technology is an integral cross-cutting theme across retail (e-commerce), healthcare/pharma (MedTech, biotech) and financial services (FinTech).",PwC Deals at a glance: Annual review 2024
Healthcare,2024,"183 deals worth USD 5.3bn, driven by advancements in medical technology and increased emphasis on health; sector poised to potentially double market size in 5-7 years via digital adoption and R&D.",PwC Deals at a glance: Annual review 2024
Financial services and FinTech,2024,"Combination of traditional and FinTech players remained active, showing consolidation and expansion strategies alongside smaller disruptive fintech innovations.",PwC Deals at a glance: Annual review 2024
Oil and gas,2024,"Lowest deal volume of top sectors but USD 6bn in value, reflecting a few large capital-intensive projects (e.g. the Gujarat Gas merger).",PwC Deals at a glance: Annual review 2024
Real estate,2024,"Real estate accounted for 28% of private credit deal volume in 2024, followed by utilities (15.7%) and infrastructure (10.7%).",PwC Deals at a glance: Annual review 2024
Retail and consumer,2023,"Top sector for the second year running by both value and volume (289 deals, USD 8.8bn), overtaking technology in the final two quarters of the year.","PwC Deals at a glance (Annual Review 2023, pub Feb 2024)"
Technology,2023,269 deals worth USD 4.6bn; had been predicted to be the frontrunner but finished marginally behind retail and consumer.,"PwC Deals at a glance (Annual Review 2023, pub Feb 2024)"
Professional services and FinTech,2023,"Most active sectors by deal volume; professional services was one of only four sectors (with chemicals, EVs, and oil and gas) to see a positive YoY volume trend in CY23.","PwC Deals at a glance (Annual Review 2023, pub Feb 2024)"
Financial services,2023,"111 deals worth USD 8.2bn, among the sectors with the largest deals by value in CY23.","PwC Deals at a glance (Annual Review 2023, pub Feb 2024)"
Power,2023,"77 deals worth USD 7.9bn, among the top sectors by deal value in CY23.","PwC Deals at a glance (Annual Review 2023, pub Feb 2024)"
Healthcare,2023,"122 deals worth USD 7.0bn, among the top sectors by deal value in CY23.","PwC Deals at a glance (Annual Review 2023, pub Feb 2024)"
SaaS,2023,Led start-up funding at 30% of H1 CY23 total but down 21% vs H2 CY22; average ticket size ~USD 10-11m; Builder.ai raised over USD 100m (22% of sector funding).,PwC Start-up Perspectives: India start-up deals tracker H1 CY23
D2C,2023,"Funding nearly tripled vs H2 CY22, with average ticket size jumping from USD 8m to USD 43m; Lenskart and FreshToHome (>USD 100m each) drove 72% of sector funding.",PwC Start-up Perspectives: India start-up deals tracker H1 CY23
FinTech,2023,"Start-up funding down 50% vs H2 CY22; InsuranceDekho, KreditBee and Mintifi (>USD 100m each) drove 64% of sector funding.",PwC Start-up Perspectives: India start-up deals tracker H1 CY23
E-commerce B2B,2023,Start-up funding down 6% vs H2 CY22; Zetwerk and Infra.Market drove 84% of sector funding.,PwC Start-up Perspectives: India start-up deals tracker H1 CY23
HealthTech,2023,"Start-up funding down 77% vs H2 CY22, with activity mostly in early-stage deals.",PwC Start-up Perspectives: India start-up deals tracker H1 CY23
Online gaming,2023,"Start-up funding up 3x vs H2 CY22, driven by early-stage rounds (e.g. Mayhem Studios, Rooter).",PwC Start-up Perspectives: India start-up deals tracker H1 CY23
FoodTech,2023,Start-up funding up 4x vs H2 CY22; Curefoods raised USD 37m during H1 CY23.,PwC Start-up Perspectives: India start-up deals tracker H1 CY23
"Financial services, technology, healthcare, energy and power, industrials",2022,"Expected to stay active on the domestic front for value creation and market share gain, following some of the largest-ever transactions in the cement, aviation and banking sectors in 2022.",PwC Deals in India: Annual review 2022 (Jan 2023)
Technology,2021,"Dominated the PE landscape with USD 40.0bn across 823 deals (~5x 2020); the online services subsector alone recorded 322 deals worth USD 10.9bn (~4x 2020); drivers include platformisation of consumer financial services, the clean energy transition, the metaverse, mobility/digital-commerce convergence, and virtual health/wellness.","PwC Deals in India: Annual review and outlook for 2022 (Feb 2022, CY2021 data)"
Financial services (NBFC),2021,NBFC space saw USD 2.1bn across 23 deals (excluding the USD 5bn Piramal-DHFC deal); Ares SSG's buyout of Altico Capital was the first-ever NBFC resolution outside the IBC process.,"PwC Deals in India: Annual review and outlook for 2022 (Feb 2022, CY2021 data)"
Healthcare and life sciences,2021,"Steady increase in deal activity, buoyed by large deals such as Byju's USD 1.4bn fundraise and Zydus Animal Health's USD 398m buyout.","PwC Deals in India: Annual review and outlook for 2022 (Feb 2022, CY2021 data)"
Real estate,2021,Blackstone was the leading PE investor (USD 715m Embassy Industrial Parks deal); total deal value of USD 3.7bn was down 29% YoY but deal volumes rose 56%.,"PwC Deals in India: Annual review and outlook for 2022 (Feb 2022, CY2021 data)"
"FinTech, EdTech, SaaS (start-ups)",2021,"Top three invested start-up sectors, together ~45% of total funding activity and 21 new unicorns; SaaS alone added five new unicorns in CY21.","PwC Deals in India: Annual review and outlook for 2022 (Feb 2022, CY2021 data)"
Education,2021,M&A megadeal interest alongside renewables and infrastructure reflecting a continued consolidation theme.,"PwC Deals in India: Annual review and outlook for 2022 (Feb 2022, CY2021 data)"
Technology,2019,"Most attractive PE segment at USD 10bn (28% of investment value), largely growth funding for late-stage start-ups.","PwC Deals in India: Annual review and outlook for 2020 (Dec 2019, CY2019 data)"
Infrastructure,2019,"Continued to draw sovereign wealth fund, PE and alternative investment platform attention, especially platform plays in the roads space.","PwC Deals in India: Annual review and outlook for 2020 (Dec 2019, CY2019 data)"
Energy,2019,"Renewables dominated energy-segment investment, with sovereign wealth funds taking the largest share of investment value.","PwC Deals in India: Annual review and outlook for 2020 (Dec 2019, CY2019 data)"
Financial services,2019,Investment value fell 30% YoY but insurance and NBFCs drew ~USD 2bn as PE funds seized opportunities from the NBFC crisis at attractive valuations.,"PwC Deals in India: Annual review and outlook for 2020 (Dec 2019, CY2019 data)"
"Financial services, steel, infrastructure, energy, hotels",2019,"Domestic consolidation was a key M&A driver; bank acquisitions of housing finance companies alone totalled USD 7bn, alongside acquisitions of stressed steel assets.","PwC Deals in India: Annual review and outlook for 2020 (Dec 2019, CY2019 data)"
